Workbook

Sheet Instructions
A1: Knotica Solutions Inc: Document Register (Proposals and Quotations)
A3: Purpose | B3: Single source of truth for proposal (PROP-YYYY-###) and quotation (QUO-YYYY-###) IDs, their status, value and link to the repo folder in sales/pipeline/.
A4: Sheets | B4: Dashboard (summary, next IDs, checks) | Proposals | Quotations | Clients (client code register) | Lists (dropdown options).
A6: HOW TO ADD A PROPOSAL
A7: 1 | B7: Open Dashboard and copy the 'Next Proposal ID' value.
A8: 2 | B8: In Proposals, go to the first empty row, paste the ID as a value (Paste Special > Values), then fill the blue cells.
A9: 3 | B9: Create the matching folder/files in the sales repo using the same ID, e.g. sales/pipeline/2026-northwind/PROP-2026-002-title.md.
A10: 4 | B10: Update Status as the proposal moves: Draft > In Review > Approved > Sent > Won or Lost.
A11: HOW TO ADD A QUOTATION
A12: 1 | B12: Copy the 'Next Quotation ID' from the Dashboard and paste it as a value in the first empty row of Quotations.
A13: 2 | B13: Choose the Related Proposal ID from the dropdown. Client name, tax amount and total calculate automatically.
A14: 3 | B14: A revised quote is a NEW row with the same Related Proposal ID, Version + 1; set the old row to Superseded.
A15: WHEN A PROPOSAL IS WON | B15: Add the client to Clients (3 to 5 capital letters, never reused), then run setup/new-client.sh to create the cl-<code>-<project> repo. Enter the code on the proposal row.
A17: RULES
A18: Never delete a row | B18: Set Status to Void instead. The 'Next ID' formula counts existing IDs for the year, so deleting rows can create duplicates.
A19: IDs are permanent | B19: Do not edit an ID after it is issued. Duplicates are highlighted red and counted on the Dashboard.
A20: One editor at a time | B20: This is a binary file in Git: two people editing at once cause a conflict. Assign one register owner, or keep the live file in SharePoint / Google Drive and export a copy to the repo.
A22: COLOUR LEGEND
A23: Blue text | B23: Cell you type into.
A24: Black text on grey | B24: Formula. Do not overwrite.
A25: Yellow fill | B25: Formula you may overwrite (the reporting year on the Dashboard).
A26: Red highlight | B26: Problem: duplicate ID, missing proposal, or EXPIRED validity.
A28: ASSUMPTIONS
A29: Example rows | B29: Row 6 of Proposals, Quotations and Clients holds an example (Northwind Bank). Overwrite it with your first real entry; the ID 001 then stays consistent.
A30: Tax rate | B30: Entered per quotation. The 10% in the example is an illustration only, not a statement of any tax rule.
A31: Currency | B31: Dashboard totals add amounts without currency conversion. Use one currency per reporting view or filter by currency first.
A32: Next ID logic | B32: Count of IDs with the reporting-year prefix, plus 1. Reporting year defaults to the current calendar year (=YEAR(TODAY())) and can be overwritten.
A33: Validity flag | B33: EXPIRED appears when Status is Sent or Approved and Valid Until is earlier than today.
A34: Capacity | B34: Proposals and Quotations hold 200 rows; Clients holds 100. To extend, insert rows above the last row inside the range and copy the formulas down.

Sheet Dashboard
A1: Knotica Solutions Inc: Proposal and Quotation Dashboard
A2: Everything on this sheet is calculated from the Proposals, Quotations and Clients sheets.
A4: Settings and next IDs
A5: Reporting year (overwrite with a number to change) | B5: =YEAR(TODAY()) -> 2026
A6: Next Proposal ID (copy into the Proposals sheet) | B6: ="PROP-"&$B$5&"-"&TEXT(COUNTIF(Proposals!$A$6:$A$205,"PROP-"&$B$5&"-*")+1,"000") -> PROP-2026-002
A7: Next Quotation ID (copy into the Quotations sheet) | B7: ="QUO-"&$B$5&"-"&TEXT(COUNTIF(Quotations!$A$6:$A$205,"QUO-"&$B$5&"-*")+1,"000") -> QUO-2026-002
A9: Integrity checks (all should be 0)
A10: Duplicate proposal IDs | B10: =SUMPRODUCT((Proposals!$A$6:$A$205<>"")*(COUNTIF(Proposals!$A$6:$A$205,Proposals!$A$6:$A$205)>1)) -> 0 | C10: =IF($B10=0,"OK","CHECK") -> OK
A11: Duplicate quotation IDs | B11: =SUMPRODUCT((Quotations!$A$6:$A$205<>"")*(COUNTIF(Quotations!$A$6:$A$205,Quotations!$A$6:$A$205)>1)) -> 0 | C11: =IF($B11=0,"OK","CHECK") -> OK
A12: Duplicate client codes | B12: =SUMPRODUCT((Clients!$A$6:$A$105<>"")*(COUNTIF(Clients!$A$6:$A$105,Clients!$A$6:$A$105)>1)) -> 0 | C12: =IF($B12=0,"OK","CHECK") -> OK
A13: Quotations pointing to a missing proposal | B13: =SUMPRODUCT((Quotations!$B$6:$B$205<>"")*(COUNTIF(Proposals!$A$6:$A$205,Quotations!$B$6:$B$205)=0)) -> 0 | C13: =IF($B13=0,"OK","CHECK") -> OK
A14: Expired items still marked Sent or Approved | B14: =COUNTIF(Proposals!$K$6:$K$205,"EXPIRED")+COUNTIF(Quotations!$O$6:$O$205,"EXPIRED") -> 0 | C14: =IF($B14=0,"OK","CHECK") -> OK
A16: Key figures for the reporting year
A17: Proposals raised | B17: =COUNTIF(Proposals!$A$6:$A$205,"PROP-"&$B$5&"-*") -> 1
A18: Quotations issued | B18: =COUNTIF(Quotations!$A$6:$A$205,"QUO-"&$B$5&"-*") -> 1
A19: Proposals won | B19: =COUNTIFS(Proposals!$A$6:$A$205,"PROP-"&$B$5&"-*",Proposals!$G$6:$G$205,"Won") -> 1
A20: Proposals lost | B20: =COUNTIFS(Proposals!$A$6:$A$205,"PROP-"&$B$5&"-*",Proposals!$G$6:$G$205,"Lost") -> 0
A21: Win rate (won / (won + lost)) | B21: =IF($B$19+$B$20=0,"n/a",$B$19/($B$19+$B$20)) -> 1
A22: Accepted quotation value | B22: =SUMIFS(Quotations!$J$6:$J$205,Quotations!$A$6:$A$205,"QUO-"&$B$5&"-*",Quotations!$L$6:$L$205,"Accepted") -> 52800 | C22: Single currency assumed (no conversion)
A23: Open pipeline value (Approved + Sent) | B23: =SUMIFS(Quotations!$J$6:$J$205,Quotations!$A$6:$A$205,"QUO-"&$B$5&"-*",Quotations!$L$6:$L$205,"Approved")+SUMIFS(Quotations!$J$6:$J$205,Quotations!$A$6:$A$205,"QUO-"&$B$5&"-*",Quotations!$L$6:$L$205,"Sent") -> 0
A25: Proposals by status (reporting year)
A26: Status | B26: Count | D26: Quotation status | E26: Count | F26: Total value
A27: =Lists!A2 -> Draft | B27: =COUNTIFS(Proposals!$A$6:$A$205,"PROP-"&$B$5&"-*",Proposals!$G$6:$G$205,$A27) -> 0 | D27: =Lists!B2 -> Draft | E27: =COUNTIFS(Quotations!$A$6:$A$205,"QUO-"&$B$5&"-*",Quotations!$L$6:$L$205,$D27) -> 0 | F27: =SUMIFS(Quotations!$J$6:$J$205,Quotations!$A$6:$A$205,"QUO-"&$B$5&"-*",Quotations!$L$6:$L$205,$D27) -> 0
A28: =Lists!A3 -> In Review | B28: =COUNTIFS(Proposals!$A$6:$A$205,"PROP-"&$B$5&"-*",Proposals!$G$6:$G$205,$A28) -> 0 | D28: =Lists!B3 -> In Review | E28: =COUNTIFS(Quotations!$A$6:$A$205,"QUO-"&$B$5&"-*",Quotations!$L$6:$L$205,$D28) -> 0 | F28: =SUMIFS(Quotations!$J$6:$J$205,Quotations!$A$6:$A$205,"QUO-"&$B$5&"-*",Quotations!$L$6:$L$205,$D28) -> 0
A29: =Lists!A4 -> Approved | B29: =COUNTIFS(Proposals!$A$6:$A$205,"PROP-"&$B$5&"-*",Proposals!$G$6:$G$205,$A29) -> 0 | D29: =Lists!B4 -> Approved | E29: =COUNTIFS(Quotations!$A$6:$A$205,"QUO-"&$B$5&"-*",Quotations!$L$6:$L$205,$D29) -> 0 | F29: =SUMIFS(Quotations!$J$6:$J$205,Quotations!$A$6:$A$205,"QUO-"&$B$5&"-*",Quotations!$L$6:$L$205,$D29) -> 0
A30: =Lists!A5 -> Sent | B30: =COUNTIFS(Proposals!$A$6:$A$205,"PROP-"&$B$5&"-*",Proposals!$G$6:$G$205,$A30) -> 0 | D30: =Lists!B5 -> Sent | E30: =COUNTIFS(Quotations!$A$6:$A$205,"QUO-"&$B$5&"-*",Quotations!$L$6:$L$205,$D30) -> 0 | F30: =SUMIFS(Quotations!$J$6:$J$205,Quotations!$A$6:$A$205,"QUO-"&$B$5&"-*",Quotations!$L$6:$L$205,$D30) -> 0
A31: =Lists!A6 -> Won | B31: =COUNTIFS(Proposals!$A$6:$A$205,"PROP-"&$B$5&"-*",Proposals!$G$6:$G$205,$A31) -> 1 | D31: =Lists!B6 -> Accepted | E31: =COUNTIFS(Quotations!$A$6:$A$205,"QUO-"&$B$5&"-*",Quotations!$L$6:$L$205,$D31) -> 1 | F31: =SUMIFS(Quotations!$J$6:$J$205,Quotations!$A$6:$A$205,"QUO-"&$B$5&"-*",Quotations!$L$6:$L$205,$D31) -> 52800
A32: =Lists!A7 -> Lost | B32: =COUNTIFS(Proposals!$A$6:$A$205,"PROP-"&$B$5&"-*",Proposals!$G$6:$G$205,$A32) -> 0 | D32: =Lists!B7 -> Rejected | E32: =COUNTIFS(Quotations!$A$6:$A$205,"QUO-"&$B$5&"-*",Quotations!$L$6:$L$205,$D32) -> 0 | F32: =SUMIFS(Quotations!$J$6:$J$205,Quotations!$A$6:$A$205,"QUO-"&$B$5&"-*",Quotations!$L$6:$L$205,$D32) -> 0
A33: =Lists!A8 -> Withdrawn | B33: =COUNTIFS(Proposals!$A$6:$A$205,"PROP-"&$B$5&"-*",Proposals!$G$6:$G$205,$A33) -> 0 | D33: =Lists!B8 -> Expired | E33: =COUNTIFS(Quotations!$A$6:$A$205,"QUO-"&$B$5&"-*",Quotations!$L$6:$L$205,$D33) -> 0 | F33: =SUMIFS(Quotations!$J$6:$J$205,Quotations!$A$6:$A$205,"QUO-"&$B$5&"-*",Quotations!$L$6:$L$205,$D33) -> 0
A34: =Lists!A9 -> Void | B34: =COUNTIFS(Proposals!$A$6:$A$205,"PROP-"&$B$5&"-*",Proposals!$G$6:$G$205,$A34) -> 0 | D34: =Lists!B9 -> Superseded | E34: =COUNTIFS(Quotations!$A$6:$A$205,"QUO-"&$B$5&"-*",Quotations!$L$6:$L$205,$D34) -> 0 | F34: =SUMIFS(Quotations!$J$6:$J$205,Quotations!$A$6:$A$205,"QUO-"&$B$5&"-*",Quotations!$L$6:$L$205,$D34) -> 0
D35: =Lists!B10 -> Void | E35: =COUNTIFS(Quotations!$A$6:$A$205,"QUO-"&$B$5&"-*",Quotations!$L$6:$L$205,$D35) -> 0 | F35: =SUMIFS(Quotations!$J$6:$J$205,Quotations!$A$6:$A$205,"QUO-"&$B$5&"-*",Quotations!$L$6:$L$205,$D35) -> 0
A36: Total | B36: =SUM(B27:B34) -> 1 | D36: Total | E36: =SUM(E27:E35) -> 1 | F36: =SUM(F27:F35) -> 52800

Sheet Proposals
A1: Knotica Solutions Inc: Proposal Register
A2: One row per proposal. IDs follow PROP-YYYY-###. Never delete rows: set Status to Void.
A3: Blue = type here | Black on grey = formula (do not edit) | Yellow = may be overridden
A5: Proposal ID | B5: Date Raised | C5: Prospect / Client Name | D5: Client Code | E5: Title / Scope | F5: Prepared By | G5: Status | H5: Valid Until | I5: Quotation Count | J5: Accepted Quotation Value | K5: Validity Flag | L5: Repo Path / Link | M5: Notes
A6: PROP-2026-001 | B6: 46213 | C6: Northwind Bank | D6: NWB | E6: Core banking migration assessment | F6: Jane Doe | G6: Won | H6: 46265 | I6: =IF($A6="","",COUNTIF(Quotations!$B$6:$B$205,$A6)) -> 1 | J6: =IF($A6="","",SUMIFS(Quotations!$J$6:$J$205,Quotations!$B$6:$B$205,$A6,Quotations!$L$6:$L$205,"Accepted")) -> 52800 | K6: =IF($A6="","",IF(AND(OR($G6="Sent",$G6="Approved"),$H6<>"",$H6<TODAY()),"EXPIRED","")) | L6: sales/pipeline/2026-northwind/ | M6: EXAMPLE ROW: overwrite with your first real entry
I7: =IF($A7="","",COUNTIF(Quotations!$B$6:$B$205,$A7)) | J7: =IF($A7="","",SUMIFS(Quotations!$J$6:$J$205,Quotations!$B$6:$B$205,$A7,Quotations!$L$6:$L$205,"Accepted")) | K7: =IF($A7="","",IF(AND(OR($G7="Sent",$G7="Approved"),$H7<>"",$H7<TODAY()),"EXPIRED",""))
I8: =IF($A8="","",COUNTIF(Quotations!$B$6:$B$205,$A8)) | J8: =IF($A8="","",SUMIFS(Quotations!$J$6:$J$205,Quotations!$B$6:$B$205,$A8,Quotations!$L$6:$L$205,"Accepted")) | K8: =IF($A8="","",IF(AND(OR($G8="Sent",$G8="Approved"),$H8<>"",$H8<TODAY()),"EXPIRED",""))
I9: =IF($A9="","",COUNTIF(Quotations!$B$6:$B$205,$A9)) | J9: =IF($A9="","",SUMIFS(Quotations!$J$6:$J$205,Quotations!$B$6:$B$205,$A9,Quotations!$L$6:$L$205,"Accepted")) | K9: =IF($A9="","",IF(AND(OR($G9="Sent",$G9="Approved"),$H9<>"",$H9<TODAY()),"EXPIRED",""))
I10: =IF($A10="","",COUNTIF(Quotations!$B$6:$B$205,$A10)) | J10: =IF($A10="","",SUMIFS(Quotations!$J$6:$J$205,Quotations!$B$6:$B$205,$A10,Quotations!$L$6:$L$205,"Accepted")) | K10: =IF($A10="","",IF(AND(OR($G10="Sent",$G10="Approved"),$H10<>"",$H10<TODAY()),"EXPIRED",""))
I11: =IF($A11="","",COUNTIF(Quotations!$B$6:$B$205,$A11)) | J11: =IF($A11="","",SUMIFS(Quotations!$J$6:$J$205,Quotations!$B$6:$B$205,$A11,Quotations!$L$6:$L$205,"Accepted")) | K11: =IF($A11="","",IF(AND(OR($G11="Sent",$G11="Approved"),$H11<>"",$H11<TODAY()),"EXPIRED",""))
I12: =IF($A12="","",COUNTIF(Quotations!$B$6:$B$205,$A12)) | J12: =IF($A12="","",SUMIFS(Quotations!$J$6:$J$205,Quotations!$B$6:$B$205,$A12,Quotations!$L$6:$L$205,"Accepted")) | K12: =IF($A12="","",IF(AND(OR($G12="Sent",$G12="Approved"),$H12<>"",$H12<TODAY()),"EXPIRED",""))
I13: =IF($A13="","",COUNTIF(Quotations!$B$6:$B$205,$A13)) | J13: =IF($A13="","",SUMIFS(Quotations!$J$6:$J$205,Quotations!$B$6:$B$205,$A13,Quotations!$L$6:$L$205,"Accepted")) | K13: =IF($A13="","",IF(AND(OR($G13="Sent",$G13="Approved"),$H13<>"",$H13<TODAY()),"EXPIRED",""))
I14: =IF($A14="","",COUNTIF(Quotations!$B$6:$B$205,$A14)) | J14: =IF($A14="","",SUMIFS(Quotations!$J$6:$J$205,Quotations!$B$6:$B$205,$A14,Quotations!$L$6:$L$205,"Accepted")) | K14: =IF($A14="","",IF(AND(OR($G14="Sent",$G14="Approved"),$H14<>"",$H14<TODAY()),"EXPIRED",""))
I15: =IF($A15="","",COUNTIF(Quotations!$B$6:$B$205,$A15)) | J15: =IF($A15="","",SUMIFS(Quotations!$J$6:$J$205,Quotations!$B$6:$B$205,$A15,Quotations!$L$6:$L$205,"Accepted")) | K15: =IF($A15="","",IF(AND(OR($G15="Sent",$G15="Approved"),$H15<>"",$H15<TODAY()),"EXPIRED",""))
I16: =IF($A16="","",COUNTIF(Quotations!$B$6:$B$205,$A16)) | J16: =IF($A16="","",SUMIFS(Quotations!$J$6:$J$205,Quotations!$B$6:$B$205,$A16,Quotations!$L$6:$L$205,"Accepted")) | K16: =IF($A16="","",IF(AND(OR($G16="Sent",$G16="Approved"),$H16<>"",$H16<TODAY()),"EXPIRED",""))
I17: =IF($A17="","",COUNTIF(Quotations!$B$6:$B$205,$A17)) | J17: =IF($A17="","",SUMIFS(Quotations!$J$6:$J$205,Quotations!$B$6:$B$205,$A17,Quotations!$L$6:$L$205,"Accepted")) | K17: =IF($A17="","",IF(AND(OR($G17="Sent",$G17="Approved"),$H17<>"",$H17<TODAY()),"EXPIRED",""))
I18: =IF($A18="","",COUNTIF(Quotations!$B$6:$B$205,$A18)) | J18: =IF($A18="","",SUMIFS(Quotations!$J$6:$J$205,Quotations!$B$6:$B$205,$A18,Quotations!$L$6:$L$205,"Accepted")) | K18: =IF($A18="","",IF(AND(OR($G18="Sent",$G18="Approved"),$H18<>"",$H18<TODAY()),"EXPIRED",""))
... I205: =IF($A205="","",COUNTIF(Quotations!$B$6:$B$205,$A205)) | J205: =IF($A205="","",SUMIFS(Quotations!$J$6:$J$205,Quotations!$B$6:$B$205,$A205,Quotations!$L$6:$L$205,"Accepted")) | K205: =IF($A205="","",IF(AND(OR($G205="Sent",$G205="Approved"),$H205<>"",$H205<TODAY()),"EXPIRED",""))

Sheet Quotations
A1: Knotica Solutions Inc: Quotation Register
A2: One row per quotation version. IDs follow QUO-YYYY-###. Link each quotation to its proposal.
A3: Blue = type here | Black on grey = formula (do not edit) | Yellow = may be overridden
A5: Quotation ID | B5: Related Proposal ID | C5: Client / Prospect | D5: Version | E5: Date Issued | F5: Currency | G5: Subtotal | H5: Tax Rate | I5: Tax Amount | J5: Total | K5: Valid Until | L5: Status | M5: Approved By | N5: Date Approved | O5: Validity Flag | P5: Repo Path / Link | Q5: Notes
A6: QUO-2026-001 | B6: PROP-2026-001 | C6: =IF($B6="","",IFERROR(INDEX(Proposals!$C$6:$C$205,MATCH($B6,Proposals!$A$6:$A$205,0)),"Proposal not found")) -> Northwind Bank | D6: 1 | E6: 46218 | F6: USD | G6: 48000 | H6: 0.1 | I6: =IF($A6="","",N($G6)*N($H6)) -> 4800 | J6: =IF($A6="","",N($G6)+$I6) -> 52800 | K6: 46265 | L6: Accepted | M6: Jane Doe | N6: 46217 | O6: =IF($A6="","",IF(AND(OR($L6="Sent",$L6="Approved"),$K6<>"",$K6<TODAY()),"EXPIRED","")) | P6: sales/pipeline/2026-northwind/ | Q6: EXAMPLE ROW: overwrite with your first real entry. Tax rate is an example value only.
C7: =IF($B7="","",IFERROR(INDEX(Proposals!$C$6:$C$205,MATCH($B7,Proposals!$A$6:$A$205,0)),"Proposal not found")) | I7: =IF($A7="","",N($G7)*N($H7)) | J7: =IF($A7="","",N($G7)+$I7) | O7: =IF($A7="","",IF(AND(OR($L7="Sent",$L7="Approved"),$K7<>"",$K7<TODAY()),"EXPIRED",""))
C8: =IF($B8="","",IFERROR(INDEX(Proposals!$C$6:$C$205,MATCH($B8,Proposals!$A$6:$A$205,0)),"Proposal not found")) | I8: =IF($A8="","",N($G8)*N($H8)) | J8: =IF($A8="","",N($G8)+$I8) | O8: =IF($A8="","",IF(AND(OR($L8="Sent",$L8="Approved"),$K8<>"",$K8<TODAY()),"EXPIRED",""))
C9: =IF($B9="","",IFERROR(INDEX(Proposals!$C$6:$C$205,MATCH($B9,Proposals!$A$6:$A$205,0)),"Proposal not found")) | I9: =IF($A9="","",N($G9)*N($H9)) | J9: =IF($A9="","",N($G9)+$I9) | O9: =IF($A9="","",IF(AND(OR($L9="Sent",$L9="Approved"),$K9<>"",$K9<TODAY()),"EXPIRED",""))
C10: =IF($B10="","",IFERROR(INDEX(Proposals!$C$6:$C$205,MATCH($B10,Proposals!$A$6:$A$205,0)),"Proposal not found")) | I10: =IF($A10="","",N($G10)*N($H10)) | J10: =IF($A10="","",N($G10)+$I10) | O10: =IF($A10="","",IF(AND(OR($L10="Sent",$L10="Approved"),$K10<>"",$K10<TODAY()),"EXPIRED",""))
C11: =IF($B11="","",IFERROR(INDEX(Proposals!$C$6:$C$205,MATCH($B11,Proposals!$A$6:$A$205,0)),"Proposal not found")) | I11: =IF($A11="","",N($G11)*N($H11)) | J11: =IF($A11="","",N($G11)+$I11) | O11: =IF($A11="","",IF(AND(OR($L11="Sent",$L11="Approved"),$K11<>"",$K11<TODAY()),"EXPIRED",""))
C12: =IF($B12="","",IFERROR(INDEX(Proposals!$C$6:$C$205,MATCH($B12,Proposals!$A$6:$A$205,0)),"Proposal not found")) | I12: =IF($A12="","",N($G12)*N($H12)) | J12: =IF($A12="","",N($G12)+$I12) | O12: =IF($A12="","",IF(AND(OR($L12="Sent",$L12="Approved"),$K12<>"",$K12<TODAY()),"EXPIRED",""))
C13: =IF($B13="","",IFERROR(INDEX(Proposals!$C$6:$C$205,MATCH($B13,Proposals!$A$6:$A$205,0)),"Proposal not found")) | I13: =IF($A13="","",N($G13)*N($H13)) | J13: =IF($A13="","",N($G13)+$I13) | O13: =IF($A13="","",IF(AND(OR($L13="Sent",$L13="Approved"),$K13<>"",$K13<TODAY()),"EXPIRED",""))
C14: =IF($B14="","",IFERROR(INDEX(Proposals!$C$6:$C$205,MATCH($B14,Proposals!$A$6:$A$205,0)),"Proposal not found")) | I14: =IF($A14="","",N($G14)*N($H14)) | J14: =IF($A14="","",N($G14)+$I14) | O14: =IF($A14="","",IF(AND(OR($L14="Sent",$L14="Approved"),$K14<>"",$K14<TODAY()),"EXPIRED",""))
C15: =IF($B15="","",IFERROR(INDEX(Proposals!$C$6:$C$205,MATCH($B15,Proposals!$A$6:$A$205,0)),"Proposal not found")) | I15: =IF($A15="","",N($G15)*N($H15)) | J15: =IF($A15="","",N($G15)+$I15) | O15: =IF($A15="","",IF(AND(OR($L15="Sent",$L15="Approved"),$K15<>"",$K15<TODAY()),"EXPIRED",""))
C16: =IF($B16="","",IFERROR(INDEX(Proposals!$C$6:$C$205,MATCH($B16,Proposals!$A$6:$A$205,0)),"Proposal not found")) | I16: =IF($A16="","",N($G16)*N($H16)) | J16: =IF($A16="","",N($G16)+$I16) | O16: =IF($A16="","",IF(AND(OR($L16="Sent",$L16="Approved"),$K16<>"",$K16<TODAY()),"EXPIRED",""))
C17: =IF($B17="","",IFERROR(INDEX(Proposals!$C$6:$C$205,MATCH($B17,Proposals!$A$6:$A$205,0)),"Proposal not found")) | I17: =IF($A17="","",N($G17)*N($H17)) | J17: =IF($A17="","",N($G17)+$I17) | O17: =IF($A17="","",IF(AND(OR($L17="Sent",$L17="Approved"),$K17<>"",$K17<TODAY()),"EXPIRED",""))
C18: =IF($B18="","",IFERROR(INDEX(Proposals!$C$6:$C$205,MATCH($B18,Proposals!$A$6:$A$205,0)),"Proposal not found")) | I18: =IF($A18="","",N($G18)*N($H18)) | J18: =IF($A18="","",N($G18)+$I18) | O18: =IF($A18="","",IF(AND(OR($L18="Sent",$L18="Approved"),$K18<>"",$K18<TODAY()),"EXPIRED",""))
... C205: =IF($B205="","",IFERROR(INDEX(Proposals!$C$6:$C$205,MATCH($B205,Proposals!$A$6:$A$205,0)),"Proposal not found")) | I205: =IF($A205="","",N($G205)*N($H205)) | J205: =IF($A205="","",N($G205)+$I205) | O205: =IF($A205="","",IF(AND(OR($L205="Sent",$L205="Approved"),$K205<>"",$K205<TODAY()),"EXPIRED",""))

Sheet Clients
A1: Knotica Solutions Inc: Client Code Register
A2: Client codes are 3 to 5 capital letters, unique, and never reused. Matches the cl-<code>-<project> repo names.
A3: Blue = type here | Black on grey = formula (do not edit) | Yellow = may be overridden
A5: Client Code | B5: Client Name | C5: Repo Name | D5: Account Owner | E5: Status | F5: Onboarded | G5: Proposals | H5: Notes
A6: NWB | B6: Northwind Bank | C6: cl-nwb-core-migration | D6: Jane Doe | E6: Active | F6: 46266 | G6: =IF($A6="","",COUNTIF(Proposals!$D$6:$D$205,$A6)) -> 1 | H6: EXAMPLE ROW: overwrite with your first real client
G7: =IF($A7="","",COUNTIF(Proposals!$D$6:$D$205,$A7))
G8: =IF($A8="","",COUNTIF(Proposals!$D$6:$D$205,$A8))
G9: =IF($A9="","",COUNTIF(Proposals!$D$6:$D$205,$A9))
G10: =IF($A10="","",COUNTIF(Proposals!$D$6:$D$205,$A10))
G11: =IF($A11="","",COUNTIF(Proposals!$D$6:$D$205,$A11))
G12: =IF($A12="","",COUNTIF(Proposals!$D$6:$D$205,$A12))
G13: =IF($A13="","",COUNTIF(Proposals!$D$6:$D$205,$A13))
G14: =IF($A14="","",COUNTIF(Proposals!$D$6:$D$205,$A14))
G15: =IF($A15="","",COUNTIF(Proposals!$D$6:$D$205,$A15))
G16: =IF($A16="","",COUNTIF(Proposals!$D$6:$D$205,$A16))
G17: =IF($A17="","",COUNTIF(Proposals!$D$6:$D$205,$A17))
G18: =IF($A18="","",COUNTIF(Proposals!$D$6:$D$205,$A18))
... G105: =IF($A105="","",COUNTIF(Proposals!$D$6:$D$205,$A105))

Sheet Lists
A1: Proposal Status | B1: Quotation Status | C1: Currency | D1: Client Status | F1: Edit the lists above to change dropdown options. Keep the first row as the header.
A2: Draft | B2: Draft | C2: PHP | D2: Prospect
A3: In Review | B3: In Review | C3: USD | D3: Active
A4: Approved | B4: Approved | C4: EUR | D4: Inactive
A5: Sent | B5: Sent | C5: SGD | D5: Archived
A6: Won | B6: Accepted | C6: AUD
A7: Lost | B7: Rejected | C7: GBP
A8: Withdrawn | B8: Expired | C8: Other
A9: Void | B9: Superseded
B10: Void
